date,team,opponent,competition,home_away
2023-08-08T18:45Z,Sunderland,Crewe Alexandra,League Cup,home
2023-08-09T18:45Z,Leeds,Shrewsbury Town,League Cup,home
2023-08-11T19:00Z,Burnley,Manchester City,Premier League,home
2023-08-11T19:00Z,Manchester City,Burnley,Premier League,away
2023-08-12T12:00Z,Arsenal,Nottingham,Premier League,home
2023-08-12T12:00Z,Nottingham,Arsenal,Premier League,away
2023-08-12T14:00Z,Bournemouth,West Ham,Premier League,home
2023-08-12T14:00Z,Brighton,Luton Town,Premier League,home
2023-08-12T14:00Z,Crystal Palace,Sheffield Utd,Premier League,away
2023-08-12T14:00Z,Everton,Fulham,Premier League,home
2023-08-12T14:00Z,Fulham,Everton,Premier League,away
2023-08-12T14:00Z,West Ham,Bournemouth,Premier League,away
2023-08-12T16:30Z,Aston Villa,Newcastle,Premier League,away
2023-08-12T16:30Z,Newcastle,Aston Villa,Premier League,home
2023-08-13T13:00Z,Brentford,Tottenham,Premier League,home
2023-08-13T13:00Z,Tottenham,Brentford,Premier League,away
2023-08-13T15:30Z,Chelsea,Liverpool,Premier League,home
2023-08-13T15:30Z,Liverpool,Chelsea,Premier League,away
2023-08-14T19:00Z,Manchester Utd,Wolves,Premier League,home
2023-08-14T19:00Z,Wolves,Manchester Utd,Premier League,away
2023-08-18T18:45Z,Nottingham,Sheffield Utd,Premier League,home
2023-08-19T14:00Z,Bournemouth,Liverpool,Premier League,away
2023-08-19T14:00Z,Brentford,Fulham,Premier League,away
2023-08-19T14:00Z,Brighton,Wolves,Premier League,away
2023-08-19T14:00Z,Fulham,Brentford,Premier League,home
2023-08-19T14:00Z,Liverpool,Bournemouth,Premier League,home
2023-08-19T14:00Z,Wolves,Brighton,Premier League,home
2023-08-19T16:30Z,Manchester Utd,Tottenham,Premier League,away
2023-08-19T16:30Z,Tottenham,Manchester Utd,Premier League,home
2023-08-19T19:00Z,Manchester City,Newcastle,Premier League,home
2023-08-19T19:00Z,Newcastle,Manchester City,Premier League,away
2023-08-20T13:00Z,Aston Villa,Everton,Premier League,home
2023-08-20T13:00Z,Everton,Aston Villa,Premier League,away
2023-08-20T15:30Z,Chelsea,West Ham,Premier League,away
2023-08-20T15:30Z,West Ham,Chelsea,Premier League,home
2023-08-21T19:00Z,Arsenal,Crystal Palace,Premier League,away
2023-08-21T19:00Z,Crystal Palace,Arsenal,Premier League,home
2023-08-25T19:00Z,Chelsea,Luton Town,Premier League,home
2023-08-26T11:30Z,Bournemouth,Tottenham,Premier League,home
2023-08-26T11:30Z,Tottenham,Bournemouth,Premier League,away
2023-08-26T14:00Z,Arsenal,Fulham,Premier League,home
2023-08-26T14:00Z,Brentford,Crystal Palace,Premier League,home
2023-08-26T14:00Z,Crystal Palace,Brentford,Premier League,away
2023-08-26T14:00Z,Everton,Wolves,Premier League,home
2023-08-26T14:00Z,Fulham,Arsenal,Premier League,away
2023-08-26T14:00Z,Manchester Utd,Nottingham,Premier League,home
2023-08-26T14:00Z,Nottingham,Manchester Utd,Premier League,away
2023-08-26T14:00Z,Wolves,Everton,Premier League,away
2023-08-26T16:30Z,Brighton,West Ham,Premier League,home
2023-08-26T16:30Z,West Ham,Brighton,Premier League,away
2023-08-27T13:00Z,Aston Villa,Burnley,Premier League,away
2023-08-27T13:00Z,Burnley,Aston Villa,Premier League,home
2023-08-27T13:00Z,Manchester City,Sheffield Utd,Premier League,away
2023-08-27T15:30Z,Liverpool,Newcastle,Premier League,away
2023-08-27T15:30Z,Newcastle,Liverpool,Premier League,home
2023-08-29T18:30Z,Bournemouth,Swansea,League Cup,away
2023-08-29T18:45Z,Brentford,Newport County,League Cup,away
2023-08-29T18:45Z,Crystal Palace,Plymouth Argyle,League Cup,away
2023-08-29T18:45Z,Fulham,Tottenham,League Cup,home
2023-08-29T18:45Z,Tottenham,Fulham,League Cup,away
2023-08-29T18:45Z,Wolves,Blackpool,League Cup,home
2023-08-29T19:00Z,Leeds,Salford City,League Cup,away
2023-08-30T18:45Z,Burnley,Nottingham,League Cup,away
2023-08-30T18:45Z,Chelsea,AFC Wimbledon,League Cup,home
2023-08-30T18:45Z,Nottingham,Burnley,League Cup,home
2023-08-30T19:00Z,Everton,Doncaster Rovers,League Cup,away
2023-09-01T19:00Z,West Ham,Luton Town,Premier League,away
2023-09-02T11:30Z,Everton,Sheffield Utd,Premier League,away
2023-09-02T14:00Z,Bournemouth,Brentford,Premier League,away
2023-09-02T14:00Z,Brentford,Bournemouth,Premier League,home
2023-09-02T14:00Z,Burnley,Tottenham,Premier League,home
2023-09-02T14:00Z,Chelsea,Nottingham,Premier League,home
2023-09-02T14:00Z,Fulham,Manchester City,Premier League,away
2023-09-02T14:00Z,Manchester City,Fulham,Premier League,home
2023-09-02T14:00Z,Nottingham,Chelsea,Premier League,away
2023-09-02T14:00Z,Tottenham,Burnley,Premier League,away
2023-09-02T16:30Z,Brighton,Newcastle,Premier League,home
2023-09-02T16:30Z,Newcastle,Brighton,Premier League,away
2023-09-03T13:00Z,Aston Villa,Liverpool,Premier League,away
2023-09-03T13:00Z,Crystal Palace,Wolves,Premier League,home
2023-09-03T13:00Z,Liverpool,Aston Villa,Premier League,home
2023-09-03T13:00Z,Wolves,Crystal Palace,Premier League,away
2023-09-03T15:30Z,Arsenal,Manchester Utd,Premier League,home
2023-09-03T15:30Z,Manchester Utd,Arsenal,Premier League,away
2023-09-16T11:30Z,Liverpool,Wolves,Premier League,away
2023-09-16T11:30Z,Wolves,Liverpool,Premier League,home
2023-09-16T14:00Z,Aston Villa,Crystal Palace,Premier League,home
2023-09-16T14:00Z,Brighton,Manchester Utd,Premier League,away
2023-09-16T14:00Z,Crystal Palace,Aston Villa,Premier League,away
2023-09-16T14:00Z,Fulham,Luton Town,Premier League,home
2023-09-16T14:00Z,Manchester City,West Ham,Premier League,away
2023-09-16T14:00Z,Manchester Utd,Brighton,Premier League,home
2023-09-16T14:00Z,Tottenham,Sheffield Utd,Premier League,home
2023-09-16T14:00Z,West Ham,Manchester City,Premier League,home
2023-09-16T16:30Z,Brentford,Newcastle,Premier League,away
2023-09-16T16:30Z,Newcastle,Brentford,Premier League,home
2023-09-17T13:00Z,Bournemouth,Chelsea,Premier League,home
2023-09-17T13:00Z,Chelsea,Bournemouth,Premier League,away
2023-09-17T15:30Z,Arsenal,Everton,Premier League,away
2023-09-17T15:30Z,Everton,Arsenal,Premier League,home
2023-09-18T18:45Z,Burnley,Nottingham,Premier League,away
2023-09-18T18:45Z,Nottingham,Burnley,Premier League,home
2023-09-19T16:45Z,Newcastle,AC Milan,Champions League,away
2023-09-19T19:00Z,Manchester City,Red Star Belgrade,Champions League,home
2023-09-20T19:00Z,Arsenal,PSV Eindhoven,Champions League,home
2023-09-20T19:00Z,Manchester Utd,Bayern Munich,Champions League,away
2023-09-21T16:45Z,Aston Villa,Legia Warsaw,Conference League,away
2023-09-21T16:45Z,Liverpool,LASK Linz,Europa League,away
2023-09-21T19:00Z,Brighton,AEK Athens,Europa League,home
2023-09-21T19:00Z,West Ham,FK TSC,Europa League,home
2023-09-23T14:00Z,Crystal Palace,Fulham,Premier League,home
2023-09-23T14:00Z,Fulham,Crystal Palace,Premier League,away
2023-09-23T14:00Z,Manchester City,Nottingham,Premier League,home
2023-09-23T14:00Z,Nottingham,Manchester City,Premier League,away
2023-09-23T14:00Z,Wolves,Luton Town,Premier League,away
2023-09-23T16:30Z,Brentford,Everton,Premier League,home
2023-09-23T16:30Z,Everton,Brentford,Premier League,away
2023-09-23T19:00Z,Burnley,Manchester Utd,Premier League,home
2023-09-23T19:00Z,Manchester Utd,Burnley,Premier League,away
2023-09-24T13:00Z,Bournemouth,Brighton,Premier League,away
2023-09-24T13:00Z,Arsenal,Tottenham,Premier League,home
2023-09-24T13:00Z,Aston Villa,Chelsea,Premier League,away
2023-09-24T13:00Z,Brighton,Bournemouth,Premier League,home
2023-09-24T13:00Z,Chelsea,Aston Villa,Premier League,home
2023-09-24T13:00Z,Liverpool,West Ham,Premier League,home
2023-09-24T13:00Z,Tottenham,Arsenal,Premier League,away
2023-09-24T13:00Z,West Ham,Liverpool,Premier League,away
2023-09-24T15:30Z,Newcastle,Sheffield Utd,Premier League,away
2023-09-26T18:45Z,Burnley,Salford City,League Cup,away
2023-09-26T18:45Z,Wolves,Ipswich,League Cup,away
2023-09-26T19:00Z,Crystal Palace,Manchester Utd,League Cup,away
2023-09-26T19:00Z,Manchester Utd,Crystal Palace,League Cup,home
2023-09-27T18:45Z,Bournemouth,Stoke,League Cup,home
2023-09-27T18:45Z,Arsenal,Brentford,League Cup,away
2023-09-27T18:45Z,Aston Villa,Everton,League Cup,home
2023-09-27T18:45Z,Brentford,Arsenal,League Cup,home
2023-09-27T18:45Z,Brighton,Chelsea,League Cup,away
2023-09-27T18:45Z,Chelsea,Brighton,League Cup,home
2023-09-27T18:45Z,Everton,Aston Villa,League Cup,away
2023-09-27T18:45Z,Fulham,Norwich,League Cup,home
2023-09-27T18:45Z,Liverpool,Leicester,League Cup,home
2023-09-27T18:45Z,West Ham,Lincoln City,League Cup,away
2023-09-27T19:00Z,Manchester City,Newcastle,League Cup,away
2023-09-27T19:00Z,Newcastle,Manchester City,League Cup,home
2023-09-30T11:30Z,Aston Villa,Brighton,Premier League,home
2023-09-30T11:30Z,Brighton,Aston Villa,Premier League,away
2023-09-30T14:00Z,Bournemouth,Arsenal,Premier League,home
2023-09-30T14:00Z,Arsenal,Bournemouth,Premier League,away
2023-09-30T14:00Z,Burnley,Newcastle,Premier League,away
2023-09-30T14:00Z,Crystal Palace,Manchester Utd,Premier League,away
2023-09-30T14:00Z,Everton,Luton Town,Premier League,home
2023-09-30T14:00Z,Manchester City,Wolves,Premier League,away
2023-09-30T14:00Z,Manchester Utd,Crystal Palace,Premier League,home
2023-09-30T14:00Z,Newcastle,Burnley,Premier League,home
2023-09-30T14:00Z,West Ham,Sheffield Utd,Premier League,home
2023-09-30T14:00Z,Wolves,Manchester City,Premier League,home
2023-09-30T16:30Z,Liverpool,Tottenham,Premier League,away
2023-09-30T16:30Z,Tottenham,Liverpool,Premier League,home
2023-10-01T13:00Z,Brentford,Nottingham,Premier League,away
2023-10-01T13:00Z,Nottingham,Brentford,Premier League,home
2023-10-02T19:00Z,Chelsea,Fulham,Premier League,away
2023-10-02T19:00Z,Fulham,Chelsea,Premier League,home
2023-10-03T18:30Z,Burnley,Luton Town,Premier League,away
2023-10-03T19:00Z,Arsenal,Lens,Champions League,away
2023-10-03T19:00Z,Manchester Utd,Galatasaray,Champions League,home
2023-10-04T19:00Z,Manchester City,RB Leipzig,Champions League,away
2023-10-04T19:00Z,Newcastle,Paris Saint-Germain,Champions League,home
2023-10-05T16:45Z,Brighton,Marseille,Europa League,away
2023-10-05T16:45Z,West Ham,SC Freiburg,Europa League,away
2023-10-05T19:00Z,Aston Villa,Zrinjski Mostar,Conference League,home
2023-10-05T19:00Z,Liverpool,Union St.-Gilloise,Europa League,home
2023-10-07T11:30Z,Tottenham,Luton Town,Premier League,away
2023-10-07T14:00Z,Bournemouth,Everton,Premier League,away
2023-10-07T14:00Z,Brentford,Manchester Utd,Premier League,away
2023-10-07T14:00Z,Burnley,Chelsea,Premier League,home
2023-10-07T14:00Z,Chelsea,Burnley,Premier League,away
2023-10-07T14:00Z,Everton,Bournemouth,Premier League,home
2023-10-07T14:00Z,Fulham,Sheffield Utd,Premier League,home
2023-10-07T14:00Z,Manchester Utd,Brentford,Premier League,home
2023-10-07T16:30Z,Crystal Palace,Nottingham,Premier League,home
2023-10-07T16:30Z,Nottingham,Crystal Palace,Premier League,away
2023-10-08T13:00Z,Aston Villa,Wolves,Premier League,away
2023-10-08T13:00Z,Brighton,Liverpool,Premier League,home
2023-10-08T13:00Z,Liverpool,Brighton,Premier League,away
2023-10-08T13:00Z,Newcastle,West Ham,Premier League,away
2023-10-08T13:00Z,West Ham,Newcastle,Premier League,home
2023-10-08T13:00Z,Wolves,Aston Villa,Premier League,home
2023-10-08T15:30Z,Arsenal,Manchester City,Premier League,home
2023-10-08T15:30Z,Manchester City,Arsenal,Premier League,away
2023-10-21T11:30Z,Everton,Liverpool,Premier League,away
2023-10-21T11:30Z,Liverpool,Everton,Premier League,home
2023-10-21T14:00Z,Bournemouth,Wolves,Premier League,home
2023-10-21T14:00Z,Brentford,Burnley,Premier League,home
2023-10-21T14:00Z,Brighton,Manchester City,Premier League,away
2023-10-21T14:00Z,Burnley,Brentford,Premier League,away
2023-10-21T14:00Z,Crystal Palace,Newcastle,Premier League,away
2023-10-21T14:00Z,Manchester City,Brighton,Premier League,home
2023-10-21T14:00Z,Newcastle,Crystal Palace,Premier League,home
2023-10-21T14:00Z,Nottingham,Luton Town,Premier League,home
2023-10-21T14:00Z,Wolves,Bournemouth,Premier League,away
2023-10-21T16:30Z,Arsenal,Chelsea,Premier League,away
2023-10-21T16:30Z,Chelsea,Arsenal,Premier League,home
2023-10-21T19:00Z,Manchester Utd,Sheffield Utd,Premier League,away
2023-10-22T15:30Z,Aston Villa,West Ham,Premier League,home
2023-10-22T15:30Z,West Ham,Aston Villa,Premier League,away
2023-10-23T19:00Z,Fulham,Tottenham,Premier League,away
2023-10-23T19:00Z,Tottenham,Fulham,Premier League,home
2023-10-24T19:00Z,Arsenal,Sevilla,Champions League,away
2023-10-24T19:00Z,Manchester Utd,F.C. København,Champions League,home
2023-10-25T19:00Z,Manchester City,Young Boys,Champions League,away
2023-10-25T19:00Z,Newcastle,Borussia Dortmund,Champions League,home
2023-10-26T16:45Z,Aston Villa,AZ Alkmaar,Conference League,away
2023-10-26T16:45Z,West Ham,Olympiacos,Europa League,away
2023-10-26T19:00Z,Brighton,Ajax Amsterdam,Europa League,home
2023-10-26T19:00Z,Liverpool,Toulouse,Europa League,home
2023-10-27T19:00Z,Crystal Palace,Tottenham,Premier League,home
2023-10-27T19:00Z,Tottenham,Crystal Palace,Premier League,away
2023-10-28T11:30Z,Brentford,Chelsea,Premier League,away
2023-10-28T11:30Z,Chelsea,Brentford,Premier League,home
2023-10-28T14:00Z,Bournemouth,Burnley,Premier League,home
2023-10-28T14:00Z,Arsenal,Sheffield Utd,Premier League,home
2023-10-28T14:00Z,Burnley,Bournemouth,Premier League,away
2023-10-28T16:30Z,Newcastle,Wolves,Premier League,away
2023-10-28T16:30Z,Wolves,Newcastle,Premier League,home
2023-10-29T13:00Z,Everton,West Ham,Premier League,away
2023-10-29T13:00Z,West Ham,Everton,Premier League,home
2023-10-29T14:00Z,Aston Villa,Luton Town,Premier League,home
2023-10-29T14:00Z,Brighton,Fulham,Premier League,home
2023-10-29T14:00Z,Fulham,Brighton,Premier League,away
2023-10-29T14:00Z,Liverpool,Nottingham,Premier League,home
2023-10-29T14:00Z,Nottingham,Liverpool,Premier League,away
2023-10-29T15:30Z,Manchester City,Manchester Utd,Premier League,away
2023-10-29T15:30Z,Manchester Utd,Manchester City,Premier League,home
2023-11-01T19:30Z,Arsenal,West Ham,League Cup,away
2023-11-01T19:30Z,West Ham,Arsenal,League Cup,home
2023-11-01T19:45Z,Bournemouth,Liverpool,League Cup,home
2023-11-01T19:45Z,Burnley,Everton,League Cup,away
2023-11-01T19:45Z,Chelsea,Blackburn Rovers,League Cup,home
2023-11-01T19:45Z,Everton,Burnley,League Cup,home
2023-11-01T19:45Z,Fulham,Ipswich,League Cup,away
2023-11-01T19:45Z,Liverpool,Bournemouth,League Cup,away
2023-11-01T20:15Z,Manchester Utd,Newcastle,League Cup,home
2023-11-01T20:15Z,Newcastle,Manchester Utd,League Cup,away
2023-11-04T12:30Z,Fulham,Manchester Utd,Premier League,home
2023-11-04T12:30Z,Manchester Utd,Fulham,Premier League,away
2023-11-04T15:00Z,Bournemouth,Manchester City,Premier League,away
2023-11-04T15:00Z,Brentford,West Ham,Premier League,home
2023-11-04T15:00Z,Brighton,Everton,Premier League,away
2023-11-04T15:00Z,Burnley,Crystal Palace,Premier League,home
2023-11-04T15:00Z,Crystal Palace,Burnley,Premier League,away
2023-11-04T15:00Z,Everton,Brighton,Premier League,home
2023-11-04T15:00Z,Manchester City,Bournemouth,Premier League,home
2023-11-04T15:00Z,West Ham,Brentford,Premier League,away
2023-11-04T15:00Z,Wolves,Sheffield Utd,Premier League,away
2023-11-04T17:30Z,Arsenal,Newcastle,Premier League,away
2023-11-04T17:30Z,Newcastle,Arsenal,Premier League,home
2023-11-05T14:00Z,Aston Villa,Nottingham,Premier League,away
2023-11-05T14:00Z,Nottingham,Aston Villa,Premier League,home
2023-11-05T16:30Z,Liverpool,Luton Town,Premier League,away
2023-11-06T20:00Z,Chelsea,Tottenham,Premier League,away
2023-11-06T20:00Z,Tottenham,Chelsea,Premier League,home
2023-11-07T17:45Z,Newcastle,Borussia Dortmund,Champions League,away
2023-11-07T20:00Z,Manchester City,Young Boys,Champions League,home
2023-11-08T20:00Z,Arsenal,Sevilla,Champions League,home
2023-11-08T20:00Z,Manchester Utd,F.C. København,Champions League,away
2023-11-09T17:45Z,Brighton,Ajax Amsterdam,Europa League,away
2023-11-09T17:45Z,Liverpool,Toulouse,Europa League,away
2023-11-09T20:00Z,Aston Villa,AZ Alkmaar,Conference League,home
2023-11-09T20:00Z,West Ham,Olympiacos,Europa League,home
2023-11-11T12:30Z,Tottenham,Wolves,Premier League,away
2023-11-11T12:30Z,Wolves,Tottenham,Premier League,home
2023-11-11T15:00Z,Arsenal,Burnley,Premier League,home
2023-11-11T15:00Z,Burnley,Arsenal,Premier League,away
2023-11-11T15:00Z,Crystal Palace,Everton,Premier League,home
2023-11-11T15:00Z,Everton,Crystal Palace,Premier League,away
2023-11-11T15:00Z,Manchester Utd,Luton Town,Premier League,home
2023-11-11T17:30Z,Bournemouth,Newcastle,Premier League,home
2023-11-11T17:30Z,Newcastle,Bournemouth,Premier League,away
2023-11-12T14:00Z,Aston Villa,Fulham,Premier League,home
2023-11-12T14:00Z,Brentford,Liverpool,Premier League,away
2023-11-12T14:00Z,Brighton,Sheffield Utd,Premier League,home
2023-11-12T14:00Z,Fulham,Aston Villa,Premier League,away
2023-11-12T14:00Z,Liverpool,Brentford,Premier League,home
2023-11-12T14:00Z,Nottingham,West Ham,Premier League,away
2023-11-12T14:00Z,West Ham,Nottingham,Premier League,home
2023-11-12T16:30Z,Chelsea,Manchester City,Premier League,home
2023-11-12T16:30Z,Manchester City,Chelsea,Premier League,away
2023-11-25T12:30Z,Liverpool,Manchester City,Premier League,away
2023-11-25T12:30Z,Manchester City,Liverpool,Premier League,home
2023-11-25T15:00Z,Bournemouth,Sheffield Utd,Premier League,away
2023-11-25T15:00Z,Brighton,Nottingham,Premier League,away
2023-11-25T15:00Z,Burnley,West Ham,Premier League,home
2023-11-25T15:00Z,Chelsea,Newcastle,Premier League,away
2023-11-25T15:00Z,Crystal Palace,Luton Town,Premier League,away
2023-11-25T15:00Z,Newcastle,Chelsea,Premier League,home
2023-11-25T15:00Z,Nottingham,Brighton,Premier League,home
2023-11-25T15:00Z,West Ham,Burnley,Premier League,away
2023-11-25T17:30Z,Arsenal,Brentford,Premier League,away
2023-11-25T17:30Z,Brentford,Arsenal,Premier League,home
2023-11-26T14:00Z,Aston Villa,Tottenham,Premier League,away
2023-11-26T14:00Z,Tottenham,Aston Villa,Premier League,home
2023-11-26T16:30Z,Everton,Manchester Utd,Premier League,home
2023-11-26T16:30Z,Manchester Utd,Everton,Premier League,away
2023-11-27T20:00Z,Fulham,Wolves,Premier League,home
2023-11-27T20:00Z,Wolves,Fulham,Premier League,away
2023-11-28T20:00Z,Manchester City,RB Leipzig,Champions League,home
2023-11-28T20:00Z,Newcastle,Paris Saint-Germain,Champions League,away
2023-11-29T17:45Z,Manchester Utd,Galatasaray,Champions League,away
2023-11-29T20:00Z,Arsenal,Lens,Champions League,home
2023-11-30T17:45Z,Brighton,AEK Athens,Europa League,away
2023-11-30T17:45Z,West Ham,FK TSC,Europa League,away
2023-11-30T20:00Z,Aston Villa,Legia Warsaw,Conference League,home
2023-11-30T20:00Z,Liverpool,LASK Linz,Europa League,home
2023-12-02T15:00Z,Arsenal,Wolves,Premier League,home
2023-12-02T15:00Z,Brentford,Luton Town,Premier League,home
2023-12-02T15:00Z,Burnley,Sheffield Utd,Premier League,home
2023-12-02T15:00Z,Wolves,Arsenal,Premier League,away
2023-12-02T17:30Z,Everton,Nottingham,Premier League,away
2023-12-02T17:30Z,Nottingham,Everton,Premier League,home
2023-12-02T20:00Z,Manchester Utd,Newcastle,Premier League,away
2023-12-02T20:00Z,Newcastle,Manchester Utd,Premier League,home
2023-12-03T14:00Z,Bournemouth,Aston Villa,Premier League,home
2023-12-03T14:00Z,Aston Villa,Bournemouth,Premier League,away
2023-12-03T14:00Z,Brighton,Chelsea,Premier League,away
2023-12-03T14:00Z,Chelsea,Brighton,Premier League,home
2023-12-03T14:00Z,Crystal Palace,West Ham,Premier League,away
2023-12-03T14:00Z,Fulham,Liverpool,Premier League,away
2023-12-03T14:00Z,Liverpool,Fulham,Premier League,home
2023-12-03T14:00Z,West Ham,Crystal Palace,Premier League,home
2023-12-03T16:30Z,Manchester City,Tottenham,Premier League,home
2023-12-03T16:30Z,Tottenham,Manchester City,Premier League,away
2023-12-05T19:30Z,Burnley,Wolves,Premier League,away
2023-12-05T19:30Z,Wolves,Burnley,Premier League,home
2023-12-05T20:15Z,Arsenal,Luton Town,Premier League,away
2023-12-06T19:30Z,Bournemouth,Crystal Palace,Premier League,away
2023-12-06T19:30Z,Brentford,Brighton,Premier League,away
2023-12-06T19:30Z,Brighton,Brentford,Premier League,home
2023-12-06T19:30Z,Crystal Palace,Bournemouth,Premier League,home
2023-12-06T19:30Z,Fulham,Nottingham,Premier League,home
2023-12-06T19:30Z,Liverpool,Sheffield Utd,Premier League,away
2023-12-06T19:30Z,Nottingham,Fulham,Premier League,away
2023-12-06T20:15Z,Aston Villa,Manchester City,Premier League,home
2023-12-06T20:15Z,Chelsea,Manchester Utd,Premier League,away
2023-12-06T20:15Z,Manchester City,Aston Villa,Premier League,away
2023-12-06T20:15Z,Manchester Utd,Chelsea,Premier League,home
2023-12-07T19:30Z,Everton,Newcastle,Premier League,home
2023-12-07T19:30Z,Newcastle,Everton,Premier League,away
2023-12-07T20:15Z,Tottenham,West Ham,Premier League,home
2023-12-07T20:15Z,West Ham,Tottenham,Premier League,away
2023-12-09T12:30Z,Crystal Palace,Liverpool,Premier League,home
2023-12-09T12:30Z,Liverpool,Crystal Palace,Premier League,away
2023-12-09T15:00Z,Bournemouth,Manchester Utd,Premier League,away
2023-12-09T15:00Z,Brentford,Sheffield Utd,Premier League,away
2023-12-09T15:00Z,Brighton,Burnley,Premier League,home
2023-12-09T15:00Z,Burnley,Brighton,Premier League,away
2023-12-09T15:00Z,Manchester Utd,Bournemouth,Premier League,home
2023-12-09T15:00Z,Nottingham,Wolves,Premier League,away
2023-12-09T15:00Z,Wolves,Nottingham,Premier League,home
2023-12-09T17:30Z,Arsenal,Aston Villa,Premier League,away
2023-12-09T17:30Z,Aston Villa,Arsenal,Premier League,home
2023-12-10T14:00Z,Chelsea,Everton,Premier League,away
2023-12-10T14:00Z,Everton,Chelsea,Premier League,home
2023-12-10T14:00Z,Fulham,West Ham,Premier League,home
2023-12-10T14:00Z,Manchester City,Luton Town,Premier League,away
2023-12-10T14:00Z,West Ham,Fulham,Premier League,away
2023-12-10T16:30Z,Newcastle,Tottenham,Premier League,away
2023-12-10T16:30Z,Tottenham,Newcastle,Premier League,home
2023-12-12T17:45Z,Arsenal,PSV Eindhoven,Champions League,away
2023-12-12T20:00Z,Manchester Utd,Bayern Munich,Champions League,home
2023-12-13T17:45Z,Manchester City,Red Star Belgrade,Champions League,away
2023-12-13T20:00Z,Newcastle,AC Milan,Champions League,home
2023-12-14T17:45Z,Aston Villa,Zrinjski Mostar,Conference League,away
2023-12-14T17:45Z,Liverpool,Union St.-Gilloise,Europa League,away
2023-12-14T20:00Z,Brighton,Marseille,Europa League,home
2023-12-14T20:00Z,West Ham,SC Freiburg,Europa League,home
2023-12-15T20:00Z,Nottingham,Tottenham,Premier League,home
2023-12-15T20:00Z,Tottenham,Nottingham,Premier League,away
2023-12-16T15:00Z,Chelsea,Sheffield Utd,Premier League,home
2023-12-16T15:00Z,Crystal Palace,Manchester City,Premier League,away
2023-12-16T15:00Z,Fulham,Newcastle,Premier League,away
2023-12-16T15:00Z,Manchester City,Crystal Palace,Premier League,home
2023-12-16T15:00Z,Newcastle,Fulham,Premier League,home
2023-12-16T17:30Z,Burnley,Everton,Premier League,home
2023-12-16T17:30Z,Everton,Burnley,Premier League,away
2023-12-17T14:00Z,Arsenal,Brighton,Premier League,home
2023-12-17T14:00Z,Aston Villa,Brentford,Premier League,away
2023-12-17T14:00Z,Brentford,Aston Villa,Premier League,home
2023-12-17T14:00Z,Brighton,Arsenal,Premier League,away
2023-12-17T14:00Z,West Ham,Wolves,Premier League,home
2023-12-17T14:00Z,Wolves,West Ham,Premier League,away
2023-12-17T16:30Z,Liverpool,Manchester Utd,Premier League,home
2023-12-17T16:30Z,Manchester Utd,Liverpool,Premier League,away
2023-12-19T19:45Z,Everton,Fulham,League Cup,home
2023-12-19T19:45Z,Fulham,Everton,League Cup,away
2023-12-19T20:00Z,Chelsea,Newcastle,League Cup,home
2023-12-19T20:00Z,Newcastle,Chelsea,League Cup,away
2023-12-20T20:00Z,Liverpool,West Ham,League Cup,home
2023-12-20T20:00Z,West Ham,Liverpool,League Cup,away
2023-12-21T20:00Z,Brighton,Crystal Palace,Premier League,away
2023-12-21T20:00Z,Crystal Palace,Brighton,Premier League,home
2023-12-22T20:00Z,Aston Villa,Sheffield Utd,Premier League,home
2023-12-23T12:30Z,Manchester Utd,West Ham,Premier League,away
2023-12-23T12:30Z,West Ham,Manchester Utd,Premier League,home
2023-12-23T15:00Z,Bournemouth,Nottingham,Premier League,away
2023-12-23T15:00Z,Burnley,Fulham,Premier League,away
2023-12-23T15:00Z,Everton,Tottenham,Premier League,away
2023-12-23T15:00Z,Fulham,Burnley,Premier League,home
2023-12-23T15:00Z,Newcastle,Luton Town,Premier League,away
2023-12-23T15:00Z,Nottingham,Bournemouth,Premier League,home
2023-12-23T15:00Z,Tottenham,Everton,Premier League,home
2023-12-23T17:30Z,Arsenal,Liverpool,Premier League,away
2023-12-23T17:30Z,Liverpool,Arsenal,Premier League,home
2023-12-24T13:00Z,Chelsea,Wolves,Premier League,away
2023-12-24T13:00Z,Wolves,Chelsea,Premier League,home
2023-12-26T12:30Z,Newcastle,Nottingham,Premier League,home
2023-12-26T12:30Z,Nottingham,Newcastle,Premier League,away
2023-12-26T15:00Z,Bournemouth,Fulham,Premier League,home
2023-12-26T15:00Z,Fulham,Bournemouth,Premier League,away
2023-12-26T17:30Z,Burnley,Liverpool,Premier League,home
2023-12-26T17:30Z,Liverpool,Burnley,Premier League,away
2023-12-26T20:00Z,Aston Villa,Manchester Utd,Premier League,away
2023-12-26T20:00Z,Manchester Utd,Aston Villa,Premier League,home
2023-12-27T19:30Z,Brentford,Wolves,Premier League,home
2023-12-27T19:30Z,Chelsea,Crystal Palace,Premier League,home
2023-12-27T19:30Z,Crystal Palace,Chelsea,Premier League,away
2023-12-27T19:30Z,Wolves,Brentford,Premier League,away
2023-12-27T20:15Z,Everton,Manchester City,Premier League,home
2023-12-27T20:15Z,Manchester City,Everton,Premier League,away
2023-12-28T19:30Z,Brighton,Tottenham,Premier League,home
2023-12-28T19:30Z,Tottenham,Brighton,Premier League,away
2023-12-28T20:15Z,Arsenal,West Ham,Premier League,home
2023-12-28T20:15Z,West Ham,Arsenal,Premier League,away
2023-12-30T12:30Z,Chelsea,Luton Town,Premier League,away
2023-12-30T15:00Z,Aston Villa,Burnley,Premier League,home
2023-12-30T15:00Z,Brentford,Crystal Palace,Premier League,away
2023-12-30T15:00Z,Burnley,Aston Villa,Premier League,away
2023-12-30T15:00Z,Crystal Palace,Brentford,Premier League,home
2023-12-30T15:00Z,Everton,Wolves,Premier League,away
2023-12-30T15:00Z,Manchester City,Sheffield Utd,Premier League,home
2023-12-30T15:00Z,Wolves,Everton,Premier League,home
2023-12-30T17:30Z,Manchester Utd,Nottingham,Premier League,away
2023-12-30T17:30Z,Nottingham,Manchester Utd,Premier League,home
2023-12-31T14:00Z,Bournemouth,Tottenham,Premier League,away
2023-12-31T14:00Z,Arsenal,Fulham,Premier League,away
2023-12-31T14:00Z,Fulham,Arsenal,Premier League,home
2023-12-31T14:00Z,Tottenham,Bournemouth,Premier League,home
2024-01-01T20:00Z,Liverpool,Newcastle,Premier League,home
2024-01-01T20:00Z,Newcastle,Liverpool,Premier League,away
2024-01-02T19:30Z,Brighton,West Ham,Premier League,away
2024-01-02T19:30Z,West Ham,Brighton,Premier League,home
2024-01-04T20:00Z,Crystal Palace,Everton,FA Cup,home
2024-01-04T20:00Z,Everton,Crystal Palace,FA Cup,away
2024-01-05T19:15Z,Brentford,Wolves,FA Cup,home
2024-01-05T19:15Z,Wolves,Brentford,FA Cup,away
2024-01-05T19:30Z,Fulham,Rotherham United,FA Cup,home
2024-01-05T20:00Z,Burnley,Tottenham,FA Cup,away
2024-01-05T20:00Z,Tottenham,Burnley,FA Cup,home
2024-01-06T12:45Z,Newcastle,Sunderland,FA Cup,away
2024-01-06T12:45Z,Sunderland,Newcastle,FA Cup,home
2024-01-06T15:00Z,Bournemouth,Queens Park Rangers,FA Cup,away
2024-01-06T15:00Z,Brighton,Stoke,FA Cup,away
2024-01-06T17:30Z,Aston Villa,Middlesbrough,FA Cup,away
2024-01-06T17:30Z,Chelsea,Preston North End,FA Cup,home
2024-01-07T14:00Z,Leeds,Peterborough United,FA Cup,away
2024-01-07T14:00Z,Manchester City,Huddersfield,FA Cup,home
2024-01-07T14:00Z,Nottingham,Blackpool,FA Cup,home
2024-01-07T14:00Z,West Ham,Bristol City,FA Cup,home
2024-01-07T16:30Z,Arsenal,Liverpool,FA Cup,home
2024-01-07T16:30Z,Liverpool,Arsenal,FA Cup,away
2024-01-08T20:15Z,Manchester Utd,Wigan Athletic,FA Cup,away
2024-01-09T20:00Z,Chelsea,Middlesbrough,League Cup,away
2024-01-10T20:00Z,Fulham,Liverpool,League Cup,away
2024-01-10T20:00Z,Liverpool,Fulham,League Cup,home
2024-01-12T19:45Z,Burnley,Luton Town,Premier League,home
2024-01-13T12:30Z,Chelsea,Fulham,Premier League,home
2024-01-13T12:30Z,Fulham,Chelsea,Premier League,away
2024-01-13T17:30Z,Manchester City,Newcastle,Premier League,away
2024-01-13T17:30Z,Newcastle,Manchester City,Premier League,home
2024-01-14T14:00Z,Aston Villa,Everton,Premier League,away
2024-01-14T14:00Z,Everton,Aston Villa,Premier League,home
2024-01-14T16:30Z,Manchester Utd,Tottenham,Premier League,home
2024-01-14T16:30Z,Tottenham,Manchester Utd,Premier League,away
2024-01-16T19:30Z,Brentford,Wolves,FA Cup,away
2024-01-16T19:30Z,Wolves,Brentford,FA Cup,home
2024-01-16T19:45Z,West Ham,Bristol City,FA Cup,away
2024-01-17T19:45Z,Crystal Palace,Everton,FA Cup,away
2024-01-17T19:45Z,Everton,Crystal Palace,FA Cup,home
2024-01-17T19:45Z,Nottingham,Blackpool,FA Cup,away
2024-01-20T12:30Z,Arsenal,Crystal Palace,Premier League,home
2024-01-20T12:30Z,Crystal Palace,Arsenal,Premier League,away
2024-01-20T17:30Z,Brentford,Nottingham,Premier League,home
2024-01-20T17:30Z,Nottingham,Brentford,Premier League,away
2024-01-21T14:00Z,West Ham,Sheffield Utd,Premier League,away
2024-01-21T16:30Z,Bournemouth,Liverpool,Premier League,home
2024-01-21T16:30Z,Liverpool,Bournemouth,Premier League,away
2024-01-22T19:45Z,Brighton,Wolves,Premier League,home
2024-01-22T19:45Z,Wolves,Brighton,Premier League,away
2024-01-23T20:00Z,Chelsea,Middlesbrough,League Cup,home
2024-01-24T20:00Z,Fulham,Liverpool,League Cup,home
2024-01-24T20:00Z,Liverpool,Fulham,League Cup,away
2024-01-25T19:45Z,Bournemouth,Swansea,FA Cup,home
2024-01-26T19:45Z,Aston Villa,Chelsea,FA Cup,away
2024-01-26T19:45Z,Chelsea,Aston Villa,FA Cup,home
2024-01-26T19:45Z,Nottingham,Bristol City,FA Cup,away
2024-01-26T20:00Z,Manchester City,Tottenham,FA Cup,away
2024-01-26T20:00Z,Tottenham,Manchester City,FA Cup,home
2024-01-27T15:00Z,Brighton,Sheffield Utd,FA Cup,away
2024-01-27T15:00Z,Everton,Luton Town,FA Cup,home
2024-01-27T15:00Z,Leeds,Plymouth Argyle,FA Cup,home
2024-01-27T19:00Z,Fulham,Newcastle,FA Cup,home
2024-01-27T19:00Z,Newcastle,Fulham,FA Cup,away
2024-01-28T11:45Z,Wolves,West Brom,FA Cup,away
2024-01-28T14:30Z,Liverpool,Norwich,FA Cup,home
2024-01-28T16:30Z,Manchester Utd,Newport County,FA Cup,away
2024-01-30T19:30Z,Arsenal,Nottingham,Premier League,away
2024-01-30T19:30Z,Nottingham,Arsenal,Premier League,home
2024-01-30T19:45Z,Brighton,Luton Town,Premier League,away
2024-01-30T19:45Z,Everton,Fulham,Premier League,away
2024-01-30T19:45Z,Fulham,Everton,Premier League,home
2024-01-30T20:00Z,Crystal Palace,Sheffield Utd,Premier League,home
2024-01-30T20:15Z,Aston Villa,Newcastle,Premier League,home
2024-01-30T20:15Z,Newcastle,Aston Villa,Premier League,away
2024-01-31T19:30Z,Brentford,Tottenham,Premier League,away
2024-01-31T19:30Z,Burnley,Manchester City,Premier League,away
2024-01-31T19:30Z,Manchester City,Burnley,Premier League,home
2024-01-31T19:30Z,Tottenham,Brentford,Premier League,home
2024-01-31T20:15Z,Chelsea,Liverpool,Premier League,away
2024-01-31T20:15Z,Liverpool,Chelsea,Premier League,home
2024-02-01T19:30Z,Bournemouth,West Ham,Premier League,away
2024-02-01T19:30Z,West Ham,Bournemouth,Premier League,home
2024-02-01T20:15Z,Manchester Utd,Wolves,Premier League,away
2024-02-01T20:15Z,Wolves,Manchester Utd,Premier League,home
2024-02-03T12:30Z,Everton,Tottenham,Premier League,home
2024-02-03T12:30Z,Tottenham,Everton,Premier League,away
2024-02-03T15:00Z,Brighton,Crystal Palace,Premier League,home
2024-02-03T15:00Z,Burnley,Fulham,Premier League,home
2024-02-03T15:00Z,Crystal Palace,Brighton,Premier League,away
2024-02-03T15:00Z,Fulham,Burnley,Premier League,away
2024-02-03T15:00Z,Newcastle,Luton Town,Premier League,home
2024-02-03T17:30Z,Aston Villa,Sheffield Utd,Premier League,away
2024-02-04T14:00Z,Bournemouth,Nottingham,Premier League,home
2024-02-04T14:00Z,Chelsea,Wolves,Premier League,home
2024-02-04T14:00Z,Manchester Utd,West Ham,Premier League,home
2024-02-04T14:00Z,Nottingham,Bournemouth,Premier League,away
2024-02-04T14:00Z,West Ham,Manchester Utd,Premier League,away
2024-02-04T14:00Z,Wolves,Chelsea,Premier League,away
2024-02-04T16:30Z,Arsenal,Liverpool,Premier League,home
2024-02-04T16:30Z,Liverpool,Arsenal,Premier League,away
2024-02-05T20:00Z,Brentford,Manchester City,Premier League,home
2024-02-05T20:00Z,Manchester City,Brentford,Premier League,away
2024-02-06T19:45Z,Leeds,Plymouth Argyle,FA Cup,away
2024-02-07T19:45Z,Nottingham,Bristol City,FA Cup,home
2024-02-07T20:00Z,Aston Villa,Chelsea,FA Cup,home
2024-02-07T20:00Z,Chelsea,Aston Villa,FA Cup,away
2024-02-10T12:30Z,Everton,Manchester City,Premier League,away
2024-02-10T12:30Z,Manchester City,Everton,Premier League,home
2024-02-10T15:00Z,Bournemouth,Fulham,Premier League,away
2024-02-10T15:00Z,Brentford,Wolves,Premier League,away
2024-02-10T15:00Z,Brighton,Tottenham,Premier League,away
2024-02-10T15:00Z,Burnley,Liverpool,Premier League,away
2024-02-10T15:00Z,Fulham,Bournemouth,Premier League,home
2024-02-10T15:00Z,Liverpool,Burnley,Premier League,home
2024-02-10T15:00Z,Tottenham,Brighton,Premier League,home
2024-02-10T15:00Z,Wolves,Brentford,Premier League,home
2024-02-10T17:30Z,Newcastle,Nottingham,Premier League,away
2024-02-10T17:30Z,Nottingham,Newcastle,Premier League,home
2024-02-11T14:00Z,Arsenal,West Ham,Premier League,away
2024-02-11T14:00Z,West Ham,Arsenal,Premier League,home
2024-02-11T16:30Z,Aston Villa,Manchester Utd,Premier League,home
2024-02-11T16:30Z,Manchester Utd,Aston Villa,Premier League,away
2024-02-12T20:00Z,Chelsea,Crystal Palace,Premier League,away
2024-02-12T20:00Z,Crystal Palace,Chelsea,Premier League,home
2024-02-13T20:00Z,Manchester City,F.C. København,Champions League,away
2024-02-17T12:30Z,Brentford,Liverpool,Premier League,home
2024-02-17T12:30Z,Liverpool,Brentford,Premier League,away
2024-02-17T15:00Z,Bournemouth,Newcastle,Premier League,away
2024-02-17T15:00Z,Arsenal,Burnley,Premier League,away
2024-02-17T15:00Z,Aston Villa,Fulham,Premier League,away
2024-02-17T15:00Z,Burnley,Arsenal,Premier League,home
2024-02-17T15:00Z,Fulham,Aston Villa,Premier League,home
2024-02-17T15:00Z,Newcastle,Bournemouth,Premier League,home
2024-02-17T15:00Z,Nottingham,West Ham,Premier League,home
2024-02-17T15:00Z,Tottenham,Wolves,Premier League,home
2024-02-17T15:00Z,West Ham,Nottingham,Premier League,away
2024-02-17T15:00Z,Wolves,Tottenham,Premier League,away
2024-02-17T17:30Z,Chelsea,Manchester City,Premier League,away
2024-02-17T17:30Z,Manchester City,Chelsea,Premier League,home
2024-02-18T14:00Z,Brighton,Sheffield Utd,Premier League,away
2024-02-18T16:30Z,Manchester Utd,Luton Town,Premier League,away
2024-02-19T20:00Z,Crystal Palace,Everton,Premier League,away
2024-02-19T20:00Z,Everton,Crystal Palace,Premier League,home
2024-02-20T19:30Z,Brentford,Manchester City,Premier League,away
2024-02-20T19:30Z,Manchester City,Brentford,Premier League,home
2024-02-21T19:30Z,Liverpool,Luton Town,Premier League,home
2024-02-21T20:00Z,Arsenal,FC Porto,Champions League,away
2024-02-24T15:00Z,Aston Villa,Nottingham,Premier League,home
2024-02-24T15:00Z,Brighton,Everton,Premier League,home
2024-02-24T15:00Z,Burnley,Crystal Palace,Premier League,away
2024-02-24T15:00Z,Crystal Palace,Burnley,Premier League,home
2024-02-24T15:00Z,Everton,Brighton,Premier League,away
2024-02-24T15:00Z,Fulham,Manchester Utd,Premier League,away
2024-02-24T15:00Z,Manchester Utd,Fulham,Premier League,home
2024-02-24T15:00Z,Nottingham,Aston Villa,Premier League,away
2024-02-24T17:30Z,Bournemouth,Manchester City,Premier League,home
2024-02-24T17:30Z,Manchester City,Bournemouth,Premier League,away
2024-02-24T20:00Z,Arsenal,Newcastle,Premier League,home
2024-02-24T20:00Z,Newcastle,Arsenal,Premier League,away
2024-02-25T13:30Z,Wolves,Sheffield Utd,Premier League,home
2024-02-25T15:00Z,Chelsea,Liverpool,League Cup,home
2024-02-25T15:00Z,Liverpool,Chelsea,League Cup,away
2024-02-26T20:00Z,Brentford,West Ham,Premier League,away
2024-02-26T20:00Z,West Ham,Brentford,Premier League,home
2024-02-27T19:30Z,Bournemouth,Leicester,FA Cup,home
2024-02-27T20:00Z,Manchester City,Luton Town,FA Cup,away
2024-02-27T20:00Z,Newcastle,Blackburn Rovers,FA Cup,away
2024-02-28T19:30Z,Chelsea,Leeds,FA Cup,home
2024-02-28T19:30Z,Leeds,Chelsea,FA Cup,away
2024-02-28T19:45Z,Brighton,Wolves,FA Cup,away
2024-02-28T19:45Z,Manchester Utd,Nottingham,FA Cup,away
2024-02-28T19:45Z,Nottingham,Manchester Utd,FA Cup,home
2024-02-28T19:45Z,Wolves,Brighton,FA Cup,home
2024-02-28T20:00Z,Liverpool,Southampton,FA Cup,home
2024-03-02T15:00Z,Brentford,Chelsea,Premier League,home
2024-03-02T15:00Z,Brighton,Fulham,Premier League,away
2024-03-02T15:00Z,Chelsea,Brentford,Premier League,away
2024-03-02T15:00Z,Crystal Palace,Tottenham,Premier League,away
2024-03-02T15:00Z,Everton,West Ham,Premier League,home
2024-03-02T15:00Z,Fulham,Brighton,Premier League,home
2024-03-02T15:00Z,Liverpool,Nottingham,Premier League,away
2024-03-02T15:00Z,Newcastle,Wolves,Premier League,home
2024-03-02T15:00Z,Nottingham,Liverpool,Premier League,home
2024-03-02T15:00Z,Tottenham,Crystal Palace,Premier League,home
2024-03-02T15:00Z,West Ham,Everton,Premier League,away
2024-03-02T15:00Z,Wolves,Newcastle,Premier League,away
2024-03-02T17:30Z,Aston Villa,Luton Town,Premier League,away
2024-03-03T13:00Z,Bournemouth,Burnley,Premier League,away
2024-03-03T13:00Z,Burnley,Bournemouth,Premier League,home
2024-03-03T15:30Z,Manchester City,Manchester Utd,Premier League,home
2024-03-03T15:30Z,Manchester Utd,Manchester City,Premier League,away
2024-03-04T20:00Z,Arsenal,Sheffield Utd,Premier League,away
2024-03-06T20:00Z,Manchester City,F.C. København,Champions League,home
2024-03-07T17:45Z,Aston Villa,Ajax Amsterdam,Conference League,away
2024-03-07T17:45Z,Brighton,AS Roma,Europa League,away
2024-03-07T17:45Z,Liverpool,Sparta Prague,Europa League,away
2024-03-07T20:00Z,West Ham,SC Freiburg,Europa League,away
2024-03-09T12:30Z,Everton,Manchester Utd,Premier League,away
2024-03-09T12:30Z,Manchester Utd,Everton,Premier League,home
2024-03-09T15:00Z,Bournemouth,Sheffield Utd,Premier League,home
2024-03-09T15:00Z,Crystal Palace,Luton Town,Premier League,home
2024-03-09T15:00Z,Fulham,Wolves,Premier League,away
2024-03-09T15:00Z,Wolves,Fulham,Premier League,home
2024-03-09T17:30Z,Arsenal,Brentford,Premier League,home
2024-03-09T17:30Z,Brentford,Arsenal,Premier League,away
2024-03-10T13:00Z,Aston Villa,Tottenham,Premier League,home
2024-03-10T13:00Z,Tottenham,Aston Villa,Premier League,away
2024-03-10T14:00Z,Brighton,Nottingham,Premier League,home
2024-03-10T14:00Z,Burnley,West Ham,Premier League,away
2024-03-10T14:00Z,Nottingham,Brighton,Premier League,away
2024-03-10T14:00Z,West Ham,Burnley,Premier League,home
2024-03-10T15:45Z,Liverpool,Manchester City,Premier League,home
2024-03-10T15:45Z,Manchester City,Liverpool,Premier League,away
2024-03-11T20:00Z,Chelsea,Newcastle,Premier League,home
2024-03-11T20:00Z,Newcastle,Chelsea,Premier League,away
2024-03-12T20:00Z,Arsenal,FC Porto,Champions League,home
2024-03-13T19:30Z,Bournemouth,Luton Town,Premier League,home
2024-03-14T17:45Z,West Ham,SC Freiburg,Europa League,home
2024-03-14T20:00Z,Aston Villa,Ajax Amsterdam,Conference League,home
2024-03-14T20:00Z,Brighton,AS Roma,Europa League,home
2024-03-14T20:00Z,Liverpool,Sparta Prague,Europa League,home
2024-03-16T12:15Z,Wolves,Coventry City,FA Cup,home
2024-03-16T15:00Z,Brentford,Burnley,Premier League,away
2024-03-16T15:00Z,Burnley,Brentford,Premier League,home
2024-03-16T15:00Z,Nottingham,Luton Town,Premier League,away
2024-03-16T17:30Z,Fulham,Tottenham,Premier League,home
2024-03-16T17:30Z,Manchester City,Newcastle,FA Cup,home
2024-03-16T17:30Z,Newcastle,Manchester City,FA Cup,away
2024-03-16T17:30Z,Tottenham,Fulham,Premier League,away
2024-03-17T12:45Z,Chelsea,Leicester,FA Cup,home
2024-03-17T14:00Z,Aston Villa,West Ham,Premier League,away
2024-03-17T14:00Z,West Ham,Aston Villa,Premier League,home
2024-03-17T15:30Z,Liverpool,Manchester Utd,FA Cup,away
2024-03-17T15:30Z,Manchester Utd,Liverpool,FA Cup,home
2024-03-30T12:30Z,Newcastle,West Ham,Premier League,home
2024-03-30T12:30Z,West Ham,Newcastle,Premier League,away
2024-03-30T15:00Z,Bournemouth,Everton,Premier League,home
2024-03-30T15:00Z,Burnley,Chelsea,Premier League,away
2024-03-30T15:00Z,Chelsea,Burnley,Premier League,home
2024-03-30T15:00Z,Crystal Palace,Nottingham,Premier League,away
2024-03-30T15:00Z,Everton,Bournemouth,Premier League,away
2024-03-30T15:00Z,Fulham,Sheffield Utd,Premier League,away
2024-03-30T15:00Z,Nottingham,Crystal Palace,Premier League,home
2024-03-30T15:00Z,Tottenham,Luton Town,Premier League,home
2024-03-30T17:30Z,Aston Villa,Wolves,Premier League,home
2024-03-30T17:30Z,Wolves,Aston Villa,Premier League,away
2024-03-30T20:00Z,Brentford,Manchester Utd,Premier League,home
2024-03-30T20:00Z,Manchester Utd,Brentford,Premier League,away
2024-03-31T13:00Z,Brighton,Liverpool,Premier League,away
2024-03-31T13:00Z,Liverpool,Brighton,Premier League,home
2024-03-31T15:30Z,Arsenal,Manchester City,Premier League,away
2024-03-31T15:30Z,Manchester City,Arsenal,Premier League,home
2024-04-02T18:30Z,Everton,Newcastle,Premier League,away
2024-04-02T18:30Z,Fulham,Nottingham,Premier League,away
2024-04-02T18:30Z,Newcastle,Everton,Premier League,home
2024-04-02T18:30Z,Nottingham,Fulham,Premier League,home
2024-04-02T18:45Z,Bournemouth,Crystal Palace,Premier League,home
2024-04-02T18:45Z,Burnley,Wolves,Premier League,home
2024-04-02T18:45Z,Crystal Palace,Bournemouth,Premier League,away
2024-04-02T18:45Z,Wolves,Burnley,Premier League,away
2024-04-02T19:15Z,Tottenham,West Ham,Premier League,away
2024-04-02T19:15Z,West Ham,Tottenham,Premier League,home
2024-04-03T18:30Z,Arsenal,Luton Town,Premier League,home
2024-04-03T18:30Z,Brentford,Brighton,Premier League,home
2024-04-03T18:30Z,Brighton,Brentford,Premier League,away
2024-04-03T19:15Z,Aston Villa,Manchester City,Premier League,away
2024-04-03T19:15Z,Manchester City,Aston Villa,Premier League,home
2024-04-04T18:30Z,Liverpool,Sheffield Utd,Premier League,home
2024-04-04T19:15Z,Chelsea,Manchester Utd,Premier League,home
2024-04-04T19:15Z,Manchester Utd,Chelsea,Premier League,away
2024-04-06T11:30Z,Crystal Palace,Manchester City,Premier League,home
2024-04-06T11:30Z,Manchester City,Crystal Palace,Premier League,away
2024-04-06T14:00Z,Bournemouth,Luton Town,Premier League,away
2024-04-06T14:00Z,Aston Villa,Brentford,Premier League,home
2024-04-06T14:00Z,Brentford,Aston Villa,Premier League,away
2024-04-06T14:00Z,Burnley,Everton,Premier League,away
2024-04-06T14:00Z,Everton,Burnley,Premier League,home
2024-04-06T14:00Z,Fulham,Newcastle,Premier League,home
2024-04-06T14:00Z,Newcastle,Fulham,Premier League,away
2024-04-06T14:00Z,West Ham,Wolves,Premier League,away
2024-04-06T14:00Z,Wolves,West Ham,Premier League,home
2024-04-06T16:30Z,Arsenal,Brighton,Premier League,away
2024-04-06T16:30Z,Brighton,Arsenal,Premier League,home
2024-04-07T14:30Z,Liverpool,Manchester Utd,Premier League,away
2024-04-07T14:30Z,Manchester Utd,Liverpool,Premier League,home
2024-04-07T16:30Z,Chelsea,Sheffield Utd,Premier League,away
2024-04-07T17:00Z,Nottingham,Tottenham,Premier League,away
2024-04-07T17:00Z,Tottenham,Nottingham,Premier League,home
2024-04-09T19:00Z,Arsenal,Bayern Munich,Champions League,home
2024-04-09T19:00Z,Manchester City,Real Madrid,Champions League,away
2024-04-11T19:00Z,Aston Villa,Lille,Conference League,home
2024-04-11T19:00Z,Liverpool,Atalanta,Europa League,home
2024-04-11T19:00Z,West Ham,Bayer Leverkusen,Europa League,away
2024-04-13T11:30Z,Newcastle,Tottenham,Premier League,home
2024-04-13T11:30Z,Tottenham,Newcastle,Premier League,away
2024-04-13T14:00Z,Brentford,Sheffield Utd,Premier League,home
2024-04-13T14:00Z,Brighton,Burnley,Premier League,away
2024-04-13T14:00Z,Burnley,Brighton,Premier League,home
2024-04-13T14:00Z,Manchester City,Luton Town,Premier League,home
2024-04-13T14:00Z,Nottingham,Wolves,Premier League,home
2024-04-13T14:00Z,Wolves,Nottingham,Premier League,away
2024-04-13T16:30Z,Bournemouth,Manchester Utd,Premier League,home
2024-04-13T16:30Z,Manchester Utd,Bournemouth,Premier League,away
2024-04-14T13:00Z,Crystal Palace,Liverpool,Premier League,away
2024-04-14T13:00Z,Fulham,West Ham,Premier League,away
2024-04-14T13:00Z,Liverpool,Crystal Palace,Premier League,home
2024-04-14T13:00Z,West Ham,Fulham,Premier League,home
2024-04-14T15:30Z,Arsenal,Aston Villa,Premier League,home
2024-04-14T15:30Z,Aston Villa,Arsenal,Premier League,away
2024-04-15T19:00Z,Chelsea,Everton,Premier League,home
2024-04-15T19:00Z,Everton,Chelsea,Premier League,away
2024-04-17T19:00Z,Arsenal,Bayern Munich,Champions League,away
2024-04-17T19:00Z,Manchester City,Real Madrid,Champions League,home
2024-04-18T16:45Z,Aston Villa,Lille,Conference League,away
2024-04-18T19:00Z,Liverpool,Atalanta,Europa League,away
2024-04-18T19:00Z,West Ham,Bayer Leverkusen,Europa League,home
2024-04-20T14:00Z,Brentford,Luton Town,Premier League,away
2024-04-20T14:00Z,Burnley,Sheffield Utd,Premier League,away
2024-04-20T16:15Z,Chelsea,Manchester City,FA Cup,away
2024-04-20T16:15Z,Manchester City,Chelsea,FA Cup,home
2024-04-20T18:30Z,Arsenal,Wolves,Premier League,away
2024-04-20T18:30Z,Wolves,Arsenal,Premier League,home
2024-04-21T12:30Z,Everton,Nottingham,Premier League,home
2024-04-21T12:30Z,Nottingham,Everton,Premier League,away
2024-04-21T14:00Z,Bournemouth,Aston Villa,Premier League,away
2024-04-21T14:00Z,Aston Villa,Bournemouth,Premier League,home
2024-04-21T14:00Z,Crystal Palace,West Ham,Premier League,home
2024-04-21T14:00Z,West Ham,Crystal Palace,Premier League,away
2024-04-21T14:30Z,Manchester Utd,Coventry City,FA Cup,away
2024-04-21T15:30Z,Fulham,Liverpool,Premier League,home
2024-04-21T15:30Z,Liverpool,Fulham,Premier League,away
2024-04-23T19:00Z,Arsenal,Chelsea,Premier League,home
2024-04-23T19:00Z,Chelsea,Arsenal,Premier League,away
2024-04-24T18:45Z,Bournemouth,Wolves,Premier League,away
2024-04-24T18:45Z,Wolves,Bournemouth,Premier League,home
2024-04-24T19:00Z,Crystal Palace,Newcastle,Premier League,home
2024-04-24T19:00Z,Everton,Liverpool,Premier League,home
2024-04-24T19:00Z,Liverpool,Everton,Premier League,away
2024-04-24T19:00Z,Manchester Utd,Sheffield Utd,Premier League,home
2024-04-24T19:00Z,Newcastle,Crystal Palace,Premier League,away
2024-04-25T19:00Z,Brighton,Manchester City,Premier League,home
2024-04-25T19:00Z,Manchester City,Brighton,Premier League,away
2024-04-27T11:30Z,Liverpool,West Ham,Premier League,away
2024-04-27T11:30Z,West Ham,Liverpool,Premier League,home
2024-04-27T14:00Z,Burnley,Manchester Utd,Premier League,away
2024-04-27T14:00Z,Crystal Palace,Fulham,Premier League,away
2024-04-27T14:00Z,Fulham,Crystal Palace,Premier League,home
2024-04-27T14:00Z,Manchester Utd,Burnley,Premier League,home
2024-04-27T14:00Z,Newcastle,Sheffield Utd,Premier League,home
2024-04-27T14:00Z,Wolves,Luton Town,Premier League,home
2024-04-27T16:30Z,Brentford,Everton,Premier League,away
2024-04-27T16:30Z,Everton,Brentford,Premier League,home
2024-04-27T19:00Z,Aston Villa,Chelsea,Premier League,home
2024-04-27T19:00Z,Chelsea,Aston Villa,Premier League,away
2024-04-28T13:00Z,Bournemouth,Brighton,Premier League,home
2024-04-28T13:00Z,Arsenal,Tottenham,Premier League,away
2024-04-28T13:00Z,Brighton,Bournemouth,Premier League,away
2024-04-28T13:00Z,Tottenham,Arsenal,Premier League,home
2024-04-28T15:30Z,Manchester City,Nottingham,Premier League,away
2024-04-28T15:30Z,Nottingham,Manchester City,Premier League,home
2024-05-02T18:30Z,Chelsea,Tottenham,Premier League,home
2024-05-02T18:30Z,Tottenham,Chelsea,Premier League,away
2024-05-02T19:00Z,Aston Villa,Olympiacos,Conference League,home
2024-05-03T19:00Z,Everton,Luton Town,Premier League,away
2024-05-04T11:30Z,Bournemouth,Arsenal,Premier League,away
2024-05-04T11:30Z,Arsenal,Bournemouth,Premier League,home
2024-05-04T14:00Z,Brentford,Fulham,Premier League,home
2024-05-04T14:00Z,Burnley,Newcastle,Premier League,home
2024-05-04T14:00Z,Fulham,Brentford,Premier League,away
2024-05-04T14:00Z,Newcastle,Burnley,Premier League,away
2024-05-04T14:00Z,Nottingham,Sheffield Utd,Premier League,away
2024-05-04T16:30Z,Manchester City,Wolves,Premier League,home
2024-05-04T16:30Z,Wolves,Manchester City,Premier League,away
2024-05-05T13:00Z,Aston Villa,Brighton,Premier League,away
2024-05-05T13:00Z,Brighton,Aston Villa,Premier League,home
2024-05-05T13:00Z,Chelsea,West Ham,Premier League,home
2024-05-05T13:00Z,West Ham,Chelsea,Premier League,away
2024-05-05T15:30Z,Liverpool,Tottenham,Premier League,home
2024-05-05T15:30Z,Tottenham,Liverpool,Premier League,away
2024-05-06T19:00Z,Crystal Palace,Manchester Utd,Premier League,home
2024-05-06T19:00Z,Manchester Utd,Crystal Palace,Premier League,away
2024-05-09T19:00Z,Aston Villa,Olympiacos,Conference League,away
2024-05-11T11:30Z,Fulham,Manchester City,Premier League,home
2024-05-11T11:30Z,Manchester City,Fulham,Premier League,away
2024-05-11T14:00Z,Bournemouth,Brentford,Premier League,home
2024-05-11T14:00Z,Brentford,Bournemouth,Premier League,away
2024-05-11T14:00Z,Brighton,Newcastle,Premier League,away
2024-05-11T14:00Z,Burnley,Tottenham,Premier League,away
2024-05-11T14:00Z,Crystal Palace,Wolves,Premier League,away
2024-05-11T14:00Z,Everton,Sheffield Utd,Premier League,home
2024-05-11T14:00Z,Newcastle,Brighton,Premier League,home
2024-05-11T14:00Z,Tottenham,Burnley,Premier League,home
2024-05-11T14:00Z,West Ham,Luton Town,Premier League,home
2024-05-11T14:00Z,Wolves,Crystal Palace,Premier League,home
2024-05-11T16:30Z,Chelsea,Nottingham,Premier League,away
2024-05-11T16:30Z,Nottingham,Chelsea,Premier League,home
2024-05-12T15:30Z,Arsenal,Manchester Utd,Premier League,away
2024-05-12T15:30Z,Manchester Utd,Arsenal,Premier League,home
2024-05-13T19:00Z,Aston Villa,Liverpool,Premier League,home
2024-05-13T19:00Z,Liverpool,Aston Villa,Premier League,away
2024-05-14T19:00Z,Manchester City,Tottenham,Premier League,away
2024-05-14T19:00Z,Tottenham,Manchester City,Premier League,home
2024-05-15T18:45Z,Brighton,Chelsea,Premier League,home
2024-05-15T18:45Z,Chelsea,Brighton,Premier League,away
2024-05-15T19:00Z,Manchester Utd,Newcastle,Premier League,home
2024-05-15T19:00Z,Newcastle,Manchester Utd,Premier League,away
2024-05-19T15:00Z,Bournemouth,Chelsea,Premier League,away
2024-05-19T15:00Z,Arsenal,Everton,Premier League,home
2024-05-19T15:00Z,Aston Villa,Crystal Palace,Premier League,away
2024-05-19T15:00Z,Brentford,Newcastle,Premier League,home
2024-05-19T15:00Z,Brighton,Manchester Utd,Premier League,home
2024-05-19T15:00Z,Burnley,Nottingham,Premier League,home
2024-05-19T15:00Z,Chelsea,Bournemouth,Premier League,home
2024-05-19T15:00Z,Crystal Palace,Aston Villa,Premier League,home
2024-05-19T15:00Z,Everton,Arsenal,Premier League,away
2024-05-19T15:00Z,Fulham,Luton Town,Premier League,away
2024-05-19T15:00Z,Liverpool,Wolves,Premier League,home
2024-05-19T15:00Z,Manchester City,West Ham,Premier League,home
2024-05-19T15:00Z,Manchester Utd,Brighton,Premier League,away
2024-05-19T15:00Z,Newcastle,Brentford,Premier League,away
2024-05-19T15:00Z,Nottingham,Burnley,Premier League,away
2024-05-19T15:00Z,Tottenham,Sheffield Utd,Premier League,away
2024-05-19T15:00Z,West Ham,Manchester City,Premier League,away
2024-05-19T15:00Z,Wolves,Liverpool,Premier League,away
2024-05-25T14:00Z,Manchester City,Manchester Utd,FA Cup,home
2024-05-25T14:00Z,Manchester Utd,Manchester City,FA Cup,away
